property,value,unit,energy,particle_or_photon,isotope,transition,process,source,source_url,retrieved_at,notes,abundance,experimental_energy_ev,theoretical_energy_ev
xray_transition_energy,101174.9,eV,101174.9 eV,rayos X,natural,KL1,emisión característica,NIST X-Ray Transition Energies,https://physics.nist.gov/cgi-bin/XrayTrans/search.pl?element=Am&trans=All&units=eV,2026-07-24T20:02:08+00:00,Se prioriza el valor experimental cuando está disponible.,,101174.9,101172.2
xray_transition_energy,101171.7,eV,101171.7 eV,rayos X,natural,KL1,emisión característica,NIST X-Ray Transition Energies,https://physics.nist.gov/cgi-bin/XrayTrans/search.pl?element=Am&trans=All&units=eV,2026-07-24T20:02:08+00:00,Se prioriza el valor experimental cuando está disponible.,,,101171.7
xray_transition_energy,102030.3,eV,102030.3 eV,rayos X,natural,KL2,emisión característica,NIST X-Ray Transition Energies,https://physics.nist.gov/cgi-bin/XrayTrans/search.pl?element=Am&trans=All&units=eV,2026-07-24T20:02:08+00:00,Se prioriza el valor experimental cuando está disponible.,,102030.3,102030.7
xray_transition_energy,102031.3,eV,102031.3 eV,rayos X,natural,KL2,emisión característica,NIST X-Ray Transition Energies,https://physics.nist.gov/cgi-bin/XrayTrans/search.pl?element=Am&trans=All&units=eV,2026-07-24T20:02:08+00:00,Se prioriza el valor experimental cuando está disponible.,,102031.3,102030.1
xray_transition_energy,106471.3,eV,106471.3 eV,rayos X,natural,KL3,emisión característica,NIST X-Ray Transition Energies,https://physics.nist.gov/cgi-bin/XrayTrans/search.pl?element=Am&trans=All&units=eV,2026-07-24T20:02:08+00:00,Se prioriza el valor experimental cuando está disponible.,,106471.3,106470.4
xray_transition_energy,106473.3,eV,106473.3 eV,rayos X,natural,KL3,emisión característica,NIST X-Ray Transition Energies,https://physics.nist.gov/cgi-bin/XrayTrans/search.pl?element=Am&trans=All&units=eV,2026-07-24T20:02:08+00:00,Se prioriza el valor experimental cuando está disponible.,,106473.3,106469.8
xray_transition_energy,118849.4,eV,118849.4 eV,rayos X,natural,KM1,emisión característica,NIST X-Ray Transition Energies,https://physics.nist.gov/cgi-bin/XrayTrans/search.pl?element=Am&trans=All&units=eV,2026-07-24T20:02:08+00:00,Se prioriza el valor experimental cuando está disponible.,,,118849.4
xray_transition_energy,118848.8,eV,118848.8 eV,rayos X,natural,KM1,emisión característica,NIST X-Ray Transition Energies,https://physics.nist.gov/cgi-bin/XrayTrans/search.pl?element=Am&trans=All&units=eV,2026-07-24T20:02:08+00:00,Se prioriza el valor experimental cuando está disponible.,,,118848.8
xray_transition_energy,119237.7,eV,119237.7 eV,rayos X,natural,KM2,emisión característica,NIST X-Ray Transition Energies,https://physics.nist.gov/cgi-bin/XrayTrans/search.pl?element=Am&trans=All&units=eV,2026-07-24T20:02:08+00:00,Se prioriza el valor experimental cuando está disponible.,,119237.7,119237.9
xray_transition_energy,119239.2,eV,119239.2 eV,rayos X,natural,KM2,emisión característica,NIST X-Ray Transition Energies,https://physics.nist.gov/cgi-bin/XrayTrans/search.pl?element=Am&trans=All&units=eV,2026-07-24T20:02:08+00:00,Se prioriza el valor experimental cuando está disponible.,,119239.2,119237.3
xray_transition_energy,120280.5,eV,120280.5 eV,rayos X,natural,KM3,emisión característica,NIST X-Ray Transition Energies,https://physics.nist.gov/cgi-bin/XrayTrans/search.pl?element=Am&trans=All&units=eV,2026-07-24T20:02:08+00:00,Se prioriza el valor experimental cuando está disponible.,,120280.5,120279.6
xray_transition_energy,120279.2,eV,120279.2 eV,rayos X,natural,KM3,emisión característica,NIST X-Ray Transition Energies,https://physics.nist.gov/cgi-bin/XrayTrans/search.pl?element=Am&trans=All&units=eV,2026-07-24T20:02:08+00:00,Se prioriza el valor experimental cuando está disponible.,,120279.2,120279
xray_transition_energy,120882.3,eV,120882.3 eV,rayos X,natural,KM4,emisión característica,NIST X-Ray Transition Energies,https://physics.nist.gov/cgi-bin/XrayTrans/search.pl?element=Am&trans=All&units=eV,2026-07-24T20:02:08+00:00,Se prioriza el valor experimental cuando está disponible.,,,120882.3
xray_transition_energy,120881.7,eV,120881.7 eV,rayos X,natural,KM4,emisión característica,NIST X-Ray Transition Energies,https://physics.nist.gov/cgi-bin/XrayTrans/search.pl?element=Am&trans=All&units=eV,2026-07-24T20:02:08+00:00,Se prioriza el valor experimental cuando está disponible.,,,120881.7
xray_transition_energy,121087.9,eV,121087.9 eV,rayos X,natural,KM5,emisión característica,NIST X-Ray Transition Energies,https://physics.nist.gov/cgi-bin/XrayTrans/search.pl?element=Am&trans=All&units=eV,2026-07-24T20:02:08+00:00,Se prioriza el valor experimental cuando está disponible.,,,121087.9
xray_transition_energy,121087.3,eV,121087.3 eV,rayos X,natural,KM5,emisión característica,NIST X-Ray Transition Energies,https://physics.nist.gov/cgi-bin/XrayTrans/search.pl?element=Am&trans=All&units=eV,2026-07-24T20:02:08+00:00,Se prioriza el valor experimental cuando está disponible.,,,121087.3
xray_transition_energy,123361.6,eV,123361.6 eV,rayos X,natural,KN1,emisión característica,NIST X-Ray Transition Energies,https://physics.nist.gov/cgi-bin/XrayTrans/search.pl?element=Am&trans=All&units=eV,2026-07-24T20:02:08+00:00,Se prioriza el valor experimental cuando está disponible.,,,123361.6
xray_transition_energy,123361.0,eV,123361 eV,rayos X,natural,KN1,emisión característica,NIST X-Ray Transition Energies,https://physics.nist.gov/cgi-bin/XrayTrans/search.pl?element=Am&trans=All&units=eV,2026-07-24T20:02:08+00:00,Se prioriza el valor experimental cuando está disponible.,,,123361
xray_transition_energy,123541.5,eV,123541.5 eV,rayos X,natural,KN2,emisión característica,NIST X-Ray Transition Energies,https://physics.nist.gov/cgi-bin/XrayTrans/search.pl?element=Am&trans=All&units=eV,2026-07-24T20:02:08+00:00,Se prioriza el valor experimental cuando está disponible.,,123541.5,123542.7
xray_transition_energy,123547.2,eV,123547.2 eV,rayos X,natural,KN2,emisión característica,NIST X-Ray Transition Energies,https://physics.nist.gov/cgi-bin/XrayTrans/search.pl?element=Am&trans=All&units=eV,2026-07-24T20:02:08+00:00,Se prioriza el valor experimental cuando está disponible.,,123547.2,123542
xray_transition_energy,123817.5,eV,123817.5 eV,rayos X,natural,KN3,emisión característica,NIST X-Ray Transition Energies,https://physics.nist.gov/cgi-bin/XrayTrans/search.pl?element=Am&trans=All&units=eV,2026-07-24T20:02:08+00:00,Se prioriza el valor experimental cuando está disponible.,,123817.5,123815.9
xray_transition_energy,123816.2,eV,123816.2 eV,rayos X,natural,KN3,emisión característica,NIST X-Ray Transition Energies,https://physics.nist.gov/cgi-bin/XrayTrans/search.pl?element=Am&trans=All&units=eV,2026-07-24T20:02:08+00:00,Se prioriza el valor experimental cuando está disponible.,,123816.2,123815.2
xray_transition_energy,124097.7,eV,124097.7 eV,rayos X,natural,KN4,emisión característica,NIST X-Ray Transition Energies,https://physics.nist.gov/cgi-bin/XrayTrans/search.pl?element=Am&trans=All&units=eV,2026-07-24T20:02:08+00:00,Se prioriza el valor experimental cuando está disponible.,,,124097.7
xray_transition_energy,124097.1,eV,124097.1 eV,rayos X,natural,KN4,emisión característica,NIST X-Ray Transition Energies,https://physics.nist.gov/cgi-bin/XrayTrans/search.pl?element=Am&trans=All&units=eV,2026-07-24T20:02:08+00:00,Se prioriza el valor experimental cuando está disponible.,,,124097.1
xray_transition_energy,124148.6,eV,124148.6 eV,rayos X,natural,KN5,emisión característica,NIST X-Ray Transition Energies,https://physics.nist.gov/cgi-bin/XrayTrans/search.pl?element=Am&trans=All&units=eV,2026-07-24T20:02:08+00:00,Se prioriza el valor experimental cuando está disponible.,,,124148.6
xray_transition_energy,124148.0,eV,124148 eV,rayos X,natural,KN5,emisión característica,NIST X-Ray Transition Energies,https://physics.nist.gov/cgi-bin/XrayTrans/search.pl?element=Am&trans=All&units=eV,2026-07-24T20:02:08+00:00,Se prioriza el valor experimental cuando está disponible.,,,124148
xray_transition_energy,124986.1,eV,124986.1 eV,rayos X,natural,KEDGE,emisión característica,NIST X-Ray Transition Energies,https://physics.nist.gov/cgi-bin/XrayTrans/search.pl?element=Am&trans=All&units=eV,2026-07-24T20:02:08+00:00,Se prioriza el valor experimental cuando está disponible.,,124986.1,124984.8
xray_transition_energy,124984.1,eV,124984.1 eV,rayos X,natural,KEDGE,emisión característica,NIST X-Ray Transition Energies,https://physics.nist.gov/cgi-bin/XrayTrans/search.pl?element=Am&trans=All&units=eV,2026-07-24T20:02:08+00:00,Se prioriza el valor experimental cuando está disponible.,,,124984.1
xray_transition_energy,17674.5,eV,17674.5 eV,rayos X,natural,L1M1,emisión característica,NIST X-Ray Transition Energies,https://physics.nist.gov/cgi-bin/XrayTrans/search.pl?element=Am&trans=All&units=eV,2026-07-24T20:02:08+00:00,Se prioriza el valor experimental cuando está disponible.,,17674.5,17677.2
xray_transition_energy,17677.1,eV,17677.1 eV,rayos X,natural,L1M1,emisión característica,NIST X-Ray Transition Energies,https://physics.nist.gov/cgi-bin/XrayTrans/search.pl?element=Am&trans=All&units=eV,2026-07-24T20:02:08+00:00,Se prioriza el valor experimental cuando está disponible.,,,17677.1
xray_transition_energy,18062.96,eV,18062.96 eV,rayos X,natural,L1M2,emisión característica,NIST X-Ray Transition Energies,https://physics.nist.gov/cgi-bin/XrayTrans/search.pl?element=Am&trans=All&units=eV,2026-07-24T20:02:08+00:00,Se prioriza el valor experimental cuando está disponible.,,18062.96,18065.7
xray_transition_energy,18065.6,eV,18065.6 eV,rayos X,natural,L1M2,emisión característica,NIST X-Ray Transition Energies,https://physics.nist.gov/cgi-bin/XrayTrans/search.pl?element=Am&trans=All&units=eV,2026-07-24T20:02:08+00:00,Se prioriza el valor experimental cuando está disponible.,,,18065.6
xray_transition_energy,19106.24,eV,19106.24 eV,rayos X,natural,L1M3,emisión característica,NIST X-Ray Transition Energies,https://physics.nist.gov/cgi-bin/XrayTrans/search.pl?element=Am&trans=All&units=eV,2026-07-24T20:02:08+00:00,Se prioriza el valor experimental cuando está disponible.,,19106.24,19107.4
xray_transition_energy,19107.3,eV,19107.3 eV,rayos X,natural,L1M3,emisión característica,NIST X-Ray Transition Energies,https://physics.nist.gov/cgi-bin/XrayTrans/search.pl?element=Am&trans=All&units=eV,2026-07-24T20:02:08+00:00,Se prioriza el valor experimental cuando está disponible.,,,19107.3
xray_transition_energy,19710.1,eV,19710.1 eV,rayos X,natural,L1M4,emisión característica,NIST X-Ray Transition Energies,https://physics.nist.gov/cgi-bin/XrayTrans/search.pl?element=Am&trans=All&units=eV,2026-07-24T20:02:08+00:00,Se prioriza el valor experimental cuando está disponible.,,,19710.1
xray_transition_energy,19710.0,eV,19710 eV,rayos X,natural,L1M4,emisión característica,NIST X-Ray Transition Energies,https://physics.nist.gov/cgi-bin/XrayTrans/search.pl?element=Am&trans=All&units=eV,2026-07-24T20:02:08+00:00,Se prioriza el valor experimental cuando está disponible.,,,19710
xray_transition_energy,19915.7,eV,19915.7 eV,rayos X,natural,L1M5,emisión característica,NIST X-Ray Transition Energies,https://physics.nist.gov/cgi-bin/XrayTrans/search.pl?element=Am&trans=All&units=eV,2026-07-24T20:02:08+00:00,Se prioriza el valor experimental cuando está disponible.,,,19915.7
xray_transition_energy,19915.6,eV,19915.6 eV,rayos X,natural,L1M5,emisión característica,NIST X-Ray Transition Energies,https://physics.nist.gov/cgi-bin/XrayTrans/search.pl?element=Am&trans=All&units=eV,2026-07-24T20:02:08+00:00,Se prioriza el valor experimental cuando está disponible.,,,19915.6
xray_transition_energy,22187.5,eV,22187.5 eV,rayos X,natural,L1N1,emisión característica,NIST X-Ray Transition Energies,https://physics.nist.gov/cgi-bin/XrayTrans/search.pl?element=Am&trans=All&units=eV,2026-07-24T20:02:08+00:00,Se prioriza el valor experimental cuando está disponible.,,22187.5,22189.4
xray_transition_energy,22189.3,eV,22189.3 eV,rayos X,natural,L1N1,emisión característica,NIST X-Ray Transition Energies,https://physics.nist.gov/cgi-bin/XrayTrans/search.pl?element=Am&trans=All&units=eV,2026-07-24T20:02:08+00:00,Se prioriza el valor experimental cuando está disponible.,,,22189.3
xray_transition_energy,22365.3,eV,22365.3 eV,rayos X,natural,L1N2,emisión característica,NIST X-Ray Transition Energies,https://physics.nist.gov/cgi-bin/XrayTrans/search.pl?element=Am&trans=All&units=eV,2026-07-24T20:02:08+00:00,Se prioriza el valor experimental cuando está disponible.,,22365.3,22370.4
xray_transition_energy,22370.3,eV,22370.3 eV,rayos X,natural,L1N2,emisión característica,NIST X-Ray Transition Energies,https://physics.nist.gov/cgi-bin/XrayTrans/search.pl?element=Am&trans=All&units=eV,2026-07-24T20:02:08+00:00,Se prioriza el valor experimental cuando está disponible.,,,22370.3
xray_transition_energy,22642.2,eV,22642.2 eV,rayos X,natural,L1N3,emisión característica,NIST X-Ray Transition Energies,https://physics.nist.gov/cgi-bin/XrayTrans/search.pl?element=Am&trans=All&units=eV,2026-07-24T20:02:08+00:00,Se prioriza el valor experimental cuando está disponible.,,22642.2,22643.6
xray_transition_energy,22643.5,eV,22643.5 eV,rayos X,natural,L1N3,emisión característica,NIST X-Ray Transition Energies,https://physics.nist.gov/cgi-bin/XrayTrans/search.pl?element=Am&trans=All&units=eV,2026-07-24T20:02:08+00:00,Se prioriza el valor experimental cuando está disponible.,,,22643.5
xray_transition_energy,22925.5,eV,22925.5 eV,rayos X,natural,L1N4,emisión característica,NIST X-Ray Transition Energies,https://physics.nist.gov/cgi-bin/XrayTrans/search.pl?element=Am&trans=All&units=eV,2026-07-24T20:02:08+00:00,Se prioriza el valor experimental cuando está disponible.,,,22925.5
xray_transition_energy,22925.4,eV,22925.4 eV,rayos X,natural,L1N4,emisión característica,NIST X-Ray Transition Energies,https://physics.nist.gov/cgi-bin/XrayTrans/search.pl?element=Am&trans=All&units=eV,2026-07-24T20:02:08+00:00,Se prioriza el valor experimental cuando está disponible.,,,22925.4
xray_transition_energy,22976.4,eV,22976.4 eV,rayos X,natural,L1N5,emisión característica,NIST X-Ray Transition Energies,https://physics.nist.gov/cgi-bin/XrayTrans/search.pl?element=Am&trans=All&units=eV,2026-07-24T20:02:08+00:00,Se prioriza el valor experimental cuando está disponible.,,,22976.4
xray_transition_energy,22976.3,eV,22976.3 eV,rayos X,natural,L1N5,emisión característica,NIST X-Ray Transition Energies,https://physics.nist.gov/cgi-bin/XrayTrans/search.pl?element=Am&trans=All&units=eV,2026-07-24T20:02:08+00:00,Se prioriza el valor experimental cuando está disponible.,,,22976.3
xray_transition_energy,23346.5,eV,23346.5 eV,rayos X,natural,L1N6,emisión característica,NIST X-Ray Transition Energies,https://physics.nist.gov/cgi-bin/XrayTrans/search.pl?element=Am&trans=All&units=eV,2026-07-24T20:02:08+00:00,Se prioriza el valor experimental cuando está disponible.,,,23346.5
xray_transition_energy,23346.4,eV,23346.4 eV,rayos X,natural,L1N6,emisión característica,NIST X-Ray Transition Energies,https://physics.nist.gov/cgi-bin/XrayTrans/search.pl?element=Am&trans=All&units=eV,2026-07-24T20:02:08+00:00,Se prioriza el valor experimental cuando está disponible.,,,23346.4
xray_transition_energy,23359.4,eV,23359.4 eV,rayos X,natural,L1N7,emisión característica,NIST X-Ray Transition Energies,https://physics.nist.gov/cgi-bin/XrayTrans/search.pl?element=Am&trans=All&units=eV,2026-07-24T20:02:08+00:00,Se prioriza el valor experimental cuando está disponible.,,,23359.4
xray_transition_energy,23359.3,eV,23359.3 eV,rayos X,natural,L1N7,emisión característica,NIST X-Ray Transition Energies,https://physics.nist.gov/cgi-bin/XrayTrans/search.pl?element=Am&trans=All&units=eV,2026-07-24T20:02:08+00:00,Se prioriza el valor experimental cuando está disponible.,,,23359.3
xray_transition_energy,23808.0,eV,23808 eV,rayos X,natural,L1EDGE,emisión característica,NIST X-Ray Transition Energies,https://physics.nist.gov/cgi-bin/XrayTrans/search.pl?element=Am&trans=All&units=eV,2026-07-24T20:02:08+00:00,Se prioriza el valor experimental cuando está disponible.,,23808,23812.5
xray_transition_energy,23812.4,eV,23812.4 eV,rayos X,natural,L1EDGE,emisión característica,NIST X-Ray Transition Energies,https://physics.nist.gov/cgi-bin/XrayTrans/search.pl?element=Am&trans=All&units=eV,2026-07-24T20:02:08+00:00,Se prioriza el valor experimental cuando está disponible.,,,23812.4
xray_transition_energy,16819.2,eV,16819.2 eV,rayos X,natural,L2M1,emisión característica,NIST X-Ray Transition Energies,https://physics.nist.gov/cgi-bin/XrayTrans/search.pl?element=Am&trans=All&units=eV,2026-07-24T20:02:08+00:00,Se prioriza el valor experimental cuando está disponible.,,16819.2,16818.6
xray_transition_energy,16818.7,eV,16818.7 eV,rayos X,natural,L2M1,emisión característica,NIST X-Ray Transition Energies,https://physics.nist.gov/cgi-bin/XrayTrans/search.pl?element=Am&trans=All&units=eV,2026-07-24T20:02:08+00:00,Se prioriza el valor experimental cuando está disponible.,,,16818.7
xray_transition_energy,17206.5,eV,17206.5 eV,rayos X,natural,L2M2,emisión característica,NIST X-Ray Transition Energies,https://physics.nist.gov/cgi-bin/XrayTrans/search.pl?element=Am&trans=All&units=eV,2026-07-24T20:02:08+00:00,Se prioriza el valor experimental cuando está disponible.,,17206.5,17207.2
xray_transition_energy,17207.2,eV,17207.2 eV,rayos X,natural,L2M2,emisión característica,NIST X-Ray Transition Energies,https://physics.nist.gov/cgi-bin/XrayTrans/search.pl?element=Am&trans=All&units=eV,2026-07-24T20:02:08+00:00,Se prioriza el valor experimental cuando está disponible.,,,17207.2
xray_transition_energy,18250.0,eV,18250 eV,rayos X,natural,L2M3,emisión característica,NIST X-Ray Transition Energies,https://physics.nist.gov/cgi-bin/XrayTrans/search.pl?element=Am&trans=All&units=eV,2026-07-24T20:02:08+00:00,Se prioriza el valor experimental cuando está disponible.,,18250,18248.9
xray_transition_energy,18248.9,eV,18248.9 eV,rayos X,natural,L2M3,emisión característica,NIST X-Ray Transition Energies,https://physics.nist.gov/cgi-bin/XrayTrans/search.pl?element=Am&trans=All&units=eV,2026-07-24T20:02:08+00:00,Se prioriza el valor experimental cuando está disponible.,,,18248.9
xray_transition_energy,18852.18,eV,18852.18 eV,rayos X,natural,L2M4,emisión característica,NIST X-Ray Transition Energies,https://physics.nist.gov/cgi-bin/XrayTrans/search.pl?element=Am&trans=All&units=eV,2026-07-24T20:02:08+00:00,Se prioriza el valor experimental cuando está disponible.,,18852.18,18851.6
xray_transition_energy,18851.6,eV,18851.6 eV,rayos X,natural,L2M4,emisión característica,NIST X-Ray Transition Energies,https://physics.nist.gov/cgi-bin/XrayTrans/search.pl?element=Am&trans=All&units=eV,2026-07-24T20:02:08+00:00,Se prioriza el valor experimental cuando está disponible.,,,18851.6
xray_transition_energy,19057.2,eV,19057.2 eV,rayos X,natural,L2M5,emisión característica,NIST X-Ray Transition Energies,https://physics.nist.gov/cgi-bin/XrayTrans/search.pl?element=Am&trans=All&units=eV,2026-07-24T20:02:08+00:00,Se prioriza el valor experimental cuando está disponible.,,,19057.2
xray_transition_energy,19057.1,eV,19057.1 eV,rayos X,natural,L2M5,emisión característica,NIST X-Ray Transition Energies,https://physics.nist.gov/cgi-bin/XrayTrans/search.pl?element=Am&trans=All&units=eV,2026-07-24T20:02:08+00:00,Se prioriza el valor experimental cuando está disponible.,,,19057.1
xray_transition_energy,21332.0,eV,21332 eV,rayos X,natural,L2N1,emisión característica,NIST X-Ray Transition Energies,https://physics.nist.gov/cgi-bin/XrayTrans/search.pl?element=Am&trans=All&units=eV,2026-07-24T20:02:08+00:00,Se prioriza el valor experimental cuando está disponible.,,21332,21330.9
xray_transition_energy,21330.9,eV,21330.9 eV,rayos X,natural,L2N1,emisión característica,NIST X-Ray Transition Energies,https://physics.nist.gov/cgi-bin/XrayTrans/search.pl?element=Am&trans=All&units=eV,2026-07-24T20:02:08+00:00,Se prioriza el valor experimental cuando está disponible.,,,21330.9
xray_transition_energy,21510.1,eV,21510.1 eV,rayos X,natural,L2N2,emisión característica,NIST X-Ray Transition Energies,https://physics.nist.gov/cgi-bin/XrayTrans/search.pl?element=Am&trans=All&units=eV,2026-07-24T20:02:08+00:00,Se prioriza el valor experimental cuando está disponible.,,21510.1,21511.9
xray_transition_energy,21511.9,eV,21511.9 eV,rayos X,natural,L2N2,emisión característica,NIST X-Ray Transition Energies,https://physics.nist.gov/cgi-bin/XrayTrans/search.pl?element=Am&trans=All&units=eV,2026-07-24T20:02:08+00:00,Se prioriza el valor experimental cuando está disponible.,,,21511.9
xray_transition_energy,21787.0,eV,21787 eV,rayos X,natural,L2N3,emisión característica,NIST X-Ray Transition Energies,https://physics.nist.gov/cgi-bin/XrayTrans/search.pl?element=Am&trans=All&units=eV,2026-07-24T20:02:08+00:00,Se prioriza el valor experimental cuando está disponible.,,21787,21785.1
xray_transition_energy,21785.1,eV,21785.1 eV,rayos X,natural,L2N3,emisión característica,NIST X-Ray Transition Energies,https://physics.nist.gov/cgi-bin/XrayTrans/search.pl?element=Am&trans=All&units=eV,2026-07-24T20:02:08+00:00,Se prioriza el valor experimental cuando está disponible.,,,21785.1
xray_transition_energy,22065.39,eV,22065.39 eV,rayos X,natural,L2N4,emisión característica,NIST X-Ray Transition Energies,https://physics.nist.gov/cgi-bin/XrayTrans/search.pl?element=Am&trans=All&units=eV,2026-07-24T20:02:08+00:00,Se prioriza el valor experimental cuando está disponible.,,22065.39,22067
xray_transition_energy,22067.0,eV,22067 eV,rayos X,natural,L2N4,emisión característica,NIST X-Ray Transition Energies,https://physics.nist.gov/cgi-bin/XrayTrans/search.pl?element=Am&trans=All&units=eV,2026-07-24T20:02:08+00:00,Se prioriza el valor experimental cuando está disponible.,,,22067
xray_transition_energy,22117.9,eV,22117.9 eV,rayos X,natural,L2N5,emisión característica,NIST X-Ray Transition Energies,https://physics.nist.gov/cgi-bin/XrayTrans/search.pl?element=Am&trans=All&units=eV,2026-07-24T20:02:08+00:00,Se prioriza el valor experimental cuando está disponible.,,,22117.9
xray_transition_energy,22117.8,eV,22117.8 eV,rayos X,natural,L2N5,emisión característica,NIST X-Ray Transition Energies,https://physics.nist.gov/cgi-bin/XrayTrans/search.pl?element=Am&trans=All&units=eV,2026-07-24T20:02:08+00:00,Se prioriza el valor experimental cuando está disponible.,,,22117.8
xray_transition_energy,22488.0,eV,22488 eV,rayos X,natural,L2N6,emisión característica,NIST X-Ray Transition Energies,https://physics.nist.gov/cgi-bin/XrayTrans/search.pl?element=Am&trans=All&units=eV,2026-07-24T20:02:08+00:00,Se prioriza el valor experimental cuando está disponible.,,,22488
xray_transition_energy,22488.0,eV,22488 eV,rayos X,natural,L2N6,emisión característica,NIST X-Ray Transition Energies,https://physics.nist.gov/cgi-bin/XrayTrans/search.pl?element=Am&trans=All&units=eV,2026-07-24T20:02:08+00:00,Se prioriza el valor experimental cuando está disponible.,,,22488
xray_transition_energy,22500.9,eV,22500.9 eV,rayos X,natural,L2N7,emisión característica,NIST X-Ray Transition Energies,https://physics.nist.gov/cgi-bin/XrayTrans/search.pl?element=Am&trans=All&units=eV,2026-07-24T20:02:08+00:00,Se prioriza el valor experimental cuando está disponible.,,,22500.9
xray_transition_energy,22500.9,eV,22500.9 eV,rayos X,natural,L2N7,emisión característica,NIST X-Ray Transition Energies,https://physics.nist.gov/cgi-bin/XrayTrans/search.pl?element=Am&trans=All&units=eV,2026-07-24T20:02:08+00:00,Se prioriza el valor experimental cuando está disponible.,,,22500.9
xray_transition_energy,22952.0,eV,22952 eV,rayos X,natural,L2EDGE,emisión característica,NIST X-Ray Transition Energies,https://physics.nist.gov/cgi-bin/XrayTrans/search.pl?element=Am&trans=All&units=eV,2026-07-24T20:02:08+00:00,Se prioriza el valor experimental cuando está disponible.,,22952,22954.03
xray_transition_energy,22954.02,eV,22954.02 eV,rayos X,natural,L2EDGE,emisión característica,NIST X-Ray Transition Energies,https://physics.nist.gov/cgi-bin/XrayTrans/search.pl?element=Am&trans=All&units=eV,2026-07-24T20:02:08+00:00,Se prioriza el valor experimental cuando está disponible.,,,22954.02
xray_transition_energy,12378.2,eV,12378.2 eV,rayos X,natural,L3M1,emisión característica,NIST X-Ray Transition Energies,https://physics.nist.gov/cgi-bin/XrayTrans/search.pl?element=Am&trans=All&units=eV,2026-07-24T20:02:08+00:00,Se prioriza el valor experimental cuando está disponible.,,12378.2,12379
xray_transition_energy,12379.0,eV,12379 eV,rayos X,natural,L3M1,emisión característica,NIST X-Ray Transition Energies,https://physics.nist.gov/cgi-bin/XrayTrans/search.pl?element=Am&trans=All&units=eV,2026-07-24T20:02:08+00:00,Se prioriza el valor experimental cuando está disponible.,,,12379
xray_transition_energy,12765.3,eV,12765.3 eV,rayos X,natural,L3M2,emisión característica,NIST X-Ray Transition Energies,https://physics.nist.gov/cgi-bin/XrayTrans/search.pl?element=Am&trans=All&units=eV,2026-07-24T20:02:08+00:00,Se prioriza el valor experimental cuando está disponible.,,12765.3,12767.5
xray_transition_energy,12767.5,eV,12767.5 eV,rayos X,natural,L3M2,emisión característica,NIST X-Ray Transition Energies,https://physics.nist.gov/cgi-bin/XrayTrans/search.pl?element=Am&trans=All&units=eV,2026-07-24T20:02:08+00:00,Se prioriza el valor experimental cuando está disponible.,,,12767.5
xray_transition_energy,13809.2,eV,13809.2 eV,rayos X,natural,L3M3,emisión característica,NIST X-Ray Transition Energies,https://physics.nist.gov/cgi-bin/XrayTrans/search.pl?element=Am&trans=All&units=eV,2026-07-24T20:02:08+00:00,Se prioriza el valor experimental cuando está disponible.,,13809.2,13809.2
xray_transition_energy,13809.2,eV,13809.2 eV,rayos X,natural,L3M3,emisión característica,NIST X-Ray Transition Energies,https://physics.nist.gov/cgi-bin/XrayTrans/search.pl?element=Am&trans=All&units=eV,2026-07-24T20:02:08+00:00,Se prioriza el valor experimental cuando está disponible.,,,13809.2
xray_transition_energy,14412.09,eV,14412.09 eV,rayos X,natural,L3M4,emisión característica,NIST X-Ray Transition Energies,https://physics.nist.gov/cgi-bin/XrayTrans/search.pl?element=Am&trans=All&units=eV,2026-07-24T20:02:08+00:00,Se prioriza el valor experimental cuando está disponible.,,14412.09,14411.9
xray_transition_energy,14411.9,eV,14411.9 eV,rayos X,natural,L3M4,emisión característica,NIST X-Ray Transition Energies,https://physics.nist.gov/cgi-bin/XrayTrans/search.pl?element=Am&trans=All&units=eV,2026-07-24T20:02:08+00:00,Se prioriza el valor experimental cuando está disponible.,,,14411.9
xray_transition_energy,14617.33,eV,14617.33 eV,rayos X,natural,L3M5,emisión característica,NIST X-Ray Transition Energies,https://physics.nist.gov/cgi-bin/XrayTrans/search.pl?element=Am&trans=All&units=eV,2026-07-24T20:02:08+00:00,Se prioriza el valor experimental cuando está disponible.,,14617.33,14617.5
xray_transition_energy,14617.5,eV,14617.5 eV,rayos X,natural,L3M5,emisión característica,NIST X-Ray Transition Energies,https://physics.nist.gov/cgi-bin/XrayTrans/search.pl?element=Am&trans=All&units=eV,2026-07-24T20:02:08+00:00,Se prioriza el valor experimental cuando está disponible.,,,14617.5
xray_transition_energy,16887.52,eV,16887.52 eV,rayos X,natural,L3N1,emisión característica,NIST X-Ray Transition Energies,https://physics.nist.gov/cgi-bin/XrayTrans/search.pl?element=Am&trans=All&units=eV,2026-07-24T20:02:08+00:00,Se prioriza el valor experimental cuando está disponible.,,16887.52,16891.3
xray_transition_energy,16891.3,eV,16891.3 eV,rayos X,natural,L3N1,emisión característica,NIST X-Ray Transition Energies,https://physics.nist.gov/cgi-bin/XrayTrans/search.pl?element=Am&trans=All&units=eV,2026-07-24T20:02:08+00:00,Se prioriza el valor experimental cuando está disponible.,,,16891.3
xray_transition_energy,17068.7,eV,17068.7 eV,rayos X,natural,L3N2,emisión característica,NIST X-Ray Transition Energies,https://physics.nist.gov/cgi-bin/XrayTrans/search.pl?element=Am&trans=All&units=eV,2026-07-24T20:02:08+00:00,Se prioriza el valor experimental cuando está disponible.,,17068.7,17072.3
xray_transition_energy,17072.3,eV,17072.3 eV,rayos X,natural,L3N2,emisión característica,NIST X-Ray Transition Energies,https://physics.nist.gov/cgi-bin/XrayTrans/search.pl?element=Am&trans=All&units=eV,2026-07-24T20:02:08+00:00,Se prioriza el valor experimental cuando está disponible.,,,17072.3
xray_transition_energy,17346.2,eV,17346.2 eV,rayos X,natural,L3N3,emisión característica,NIST X-Ray Transition Energies,https://physics.nist.gov/cgi-bin/XrayTrans/search.pl?element=Am&trans=All&units=eV,2026-07-24T20:02:08+00:00,Se prioriza el valor experimental cuando está disponible.,,17346.2,17345.5
xray_transition_energy,17345.5,eV,17345.5 eV,rayos X,natural,L3N3,emisión característica,NIST X-Ray Transition Energies,https://physics.nist.gov/cgi-bin/XrayTrans/search.pl?element=Am&trans=All&units=eV,2026-07-24T20:02:08+00:00,Se prioriza el valor experimental cuando está disponible.,,,17345.5
xray_transition_energy,17625.9,eV,17625.9 eV,rayos X,natural,L3N4,emisión característica,NIST X-Ray Transition Energies,https://physics.nist.gov/cgi-bin/XrayTrans/search.pl?element=Am&trans=All&units=eV,2026-07-24T20:02:08+00:00,Se prioriza el valor experimental cuando está disponible.,,17625.9,17627.4
xray_transition_energy,17627.4,eV,17627.4 eV,rayos X,natural,L3N4,emisión característica,NIST X-Ray Transition Energies,https://physics.nist.gov/cgi-bin/XrayTrans/search.pl?element=Am&trans=All&units=eV,2026-07-24T20:02:08+00:00,Se prioriza el valor experimental cuando está disponible.,,,17627.4
xray_transition_energy,17676.66,eV,17676.66 eV,rayos X,natural,L3N5,emisión característica,NIST X-Ray Transition Energies,https://physics.nist.gov/cgi-bin/XrayTrans/search.pl?element=Am&trans=All&units=eV,2026-07-24T20:02:08+00:00,Se prioriza el valor experimental cuando está disponible.,,17676.66,17678.2
xray_transition_energy,17678.2,eV,17678.2 eV,rayos X,natural,L3N5,emisión característica,NIST X-Ray Transition Energies,https://physics.nist.gov/cgi-bin/XrayTrans/search.pl?element=Am&trans=All&units=eV,2026-07-24T20:02:08+00:00,Se prioriza el valor experimental cuando está disponible.,,,17678.2
xray_transition_energy,18048.4,eV,18048.4 eV,rayos X,natural,L3N6,emisión característica,NIST X-Ray Transition Energies,https://physics.nist.gov/cgi-bin/XrayTrans/search.pl?element=Am&trans=All&units=eV,2026-07-24T20:02:08+00:00,Se prioriza el valor experimental cuando está disponible.,,,18048.4
xray_transition_energy,18048.4,eV,18048.4 eV,rayos X,natural,L3N6,emisión característica,NIST X-Ray Transition Energies,https://physics.nist.gov/cgi-bin/XrayTrans/search.pl?element=Am&trans=All&units=eV,2026-07-24T20:02:08+00:00,Se prioriza el valor experimental cuando está disponible.,,,18048.4
xray_transition_energy,18061.3,eV,18061.3 eV,rayos X,natural,L3N7,emisión característica,NIST X-Ray Transition Energies,https://physics.nist.gov/cgi-bin/XrayTrans/search.pl?element=Am&trans=All&units=eV,2026-07-24T20:02:08+00:00,Se prioriza el valor experimental cuando está disponible.,,,18061.3
xray_transition_energy,18061.3,eV,18061.3 eV,rayos X,natural,L3N7,emisión característica,NIST X-Ray Transition Energies,https://physics.nist.gov/cgi-bin/XrayTrans/search.pl?element=Am&trans=All&units=eV,2026-07-24T20:02:08+00:00,Se prioriza el valor experimental cuando está disponible.,,,18061.3
xray_transition_energy,18510.0,eV,18510 eV,rayos X,natural,L3EDGE,emisión característica,NIST X-Ray Transition Energies,https://physics.nist.gov/cgi-bin/XrayTrans/search.pl?element=Am&trans=All&units=eV,2026-07-24T20:02:08+00:00,Se prioriza el valor experimental cuando está disponible.,,18510,18514.38
xray_transition_energy,18514.37,eV,18514.37 eV,rayos X,natural,L3EDGE,emisión característica,NIST X-Ray Transition Energies,https://physics.nist.gov/cgi-bin/XrayTrans/search.pl?element=Am&trans=All&units=eV,2026-07-24T20:02:08+00:00,Se prioriza el valor experimental cuando está disponible.,,,18514.37
neutron_cross_section_reference,74,barn,neutrón térmico · referencia,neutrón,Am-natural,,cross section reference,Periodic Table Data Complete 1.0.1 · compilación secundaria,https://en.wikipedia.org/wiki/Americium,2026-07-24T22:17:53+00:00,Valor neutrónico de referencia secundario; se conserva sin reinterpretarlo como una sección isotópica específica.,,,
