property,value,unit,energy,particle_or_photon,isotope,transition,process,source,source_url,retrieved_at,notes,experimental_energy_ev,theoretical_energy_ev
xray_transition_energy,108923.6,eV,108923.6 eV,rayos X,natural,KL1,emisión característica,NIST X-Ray Transition Energies,https://physics.nist.gov/cgi-bin/XrayTrans/search.pl?element=Cf&trans=All&units=eV,2026-07-24T20:02:08+00:00,Se prioriza el valor experimental cuando está disponible.,,108923.6
xray_transition_energy,108947.0,eV,108947 eV,rayos X,natural,KL1,emisión característica,NIST X-Ray Transition Energies,https://physics.nist.gov/cgi-bin/XrayTrans/search.pl?element=Cf&trans=All&units=eV,2026-07-24T20:02:08+00:00,Se prioriza el valor experimental cuando está disponible.,108947,108923.6
xray_transition_energy,108922.8,eV,108922.8 eV,rayos X,natural,KL1,emisión característica,NIST X-Ray Transition Energies,https://physics.nist.gov/cgi-bin/XrayTrans/search.pl?element=Cf&trans=All&units=eV,2026-07-24T20:02:08+00:00,Se prioriza el valor experimental cuando está disponible.,,108922.8
xray_transition_energy,109830.1,eV,109830.1 eV,rayos X,natural,KL2,emisión característica,NIST X-Ray Transition Energies,https://physics.nist.gov/cgi-bin/XrayTrans/search.pl?element=Cf&trans=All&units=eV,2026-07-24T20:02:08+00:00,Se prioriza el valor experimental cuando está disponible.,,109830.1
xray_transition_energy,109837.3,eV,109837.3 eV,rayos X,natural,KL2,emisión característica,NIST X-Ray Transition Energies,https://physics.nist.gov/cgi-bin/XrayTrans/search.pl?element=Cf&trans=All&units=eV,2026-07-24T20:02:08+00:00,Se prioriza el valor experimental cuando está disponible.,109837.3,109830
xray_transition_energy,109860.0,eV,109860 eV,rayos X,natural,KL2,emisión característica,NIST X-Ray Transition Energies,https://physics.nist.gov/cgi-bin/XrayTrans/search.pl?element=Cf&trans=All&units=eV,2026-07-24T20:02:08+00:00,Se prioriza el valor experimental cuando está disponible.,109860,109829
xray_transition_energy,115031.1,eV,115031.1 eV,rayos X,natural,KL3,emisión característica,NIST X-Ray Transition Energies,https://physics.nist.gov/cgi-bin/XrayTrans/search.pl?element=Cf&trans=All&units=eV,2026-07-24T20:02:08+00:00,Se prioriza el valor experimental cuando está disponible.,,115031.1
xray_transition_energy,115035.3,eV,115035.3 eV,rayos X,natural,KL3,emisión característica,NIST X-Ray Transition Energies,https://physics.nist.gov/cgi-bin/XrayTrans/search.pl?element=Cf&trans=All&units=eV,2026-07-24T20:02:08+00:00,Se prioriza el valor experimental cuando está disponible.,115035.3,115031.1
xray_transition_energy,115067.0,eV,115067 eV,rayos X,natural,KL3,emisión característica,NIST X-Ray Transition Energies,https://physics.nist.gov/cgi-bin/XrayTrans/search.pl?element=Cf&trans=All&units=eV,2026-07-24T20:02:08+00:00,Se prioriza el valor experimental cuando está disponible.,115067,115030
xray_transition_energy,128185.5,eV,128185.5 eV,rayos X,natural,KM1,emisión característica,NIST X-Ray Transition Energies,https://physics.nist.gov/cgi-bin/XrayTrans/search.pl?element=Cf&trans=All&units=eV,2026-07-24T20:02:08+00:00,Se prioriza el valor experimental cuando está disponible.,,128185.5
xray_transition_energy,128185.3,eV,128185.3 eV,rayos X,natural,KM1,emisión característica,NIST X-Ray Transition Energies,https://physics.nist.gov/cgi-bin/XrayTrans/search.pl?element=Cf&trans=All&units=eV,2026-07-24T20:02:08+00:00,Se prioriza el valor experimental cuando está disponible.,,128185.3
xray_transition_energy,128184.1,eV,128184.1 eV,rayos X,natural,KM1,emisión característica,NIST X-Ray Transition Energies,https://physics.nist.gov/cgi-bin/XrayTrans/search.pl?element=Cf&trans=All&units=eV,2026-07-24T20:02:08+00:00,Se prioriza el valor experimental cuando está disponible.,,128184.1
xray_transition_energy,128597.1,eV,128597.1 eV,rayos X,natural,KM2,emisión característica,NIST X-Ray Transition Energies,https://physics.nist.gov/cgi-bin/XrayTrans/search.pl?element=Cf&trans=All&units=eV,2026-07-24T20:02:08+00:00,Se prioriza el valor experimental cuando está disponible.,,128597.1
xray_transition_energy,128626.0,eV,128626 eV,rayos X,natural,KM2,emisión característica,NIST X-Ray Transition Energies,https://physics.nist.gov/cgi-bin/XrayTrans/search.pl?element=Cf&trans=All&units=eV,2026-07-24T20:02:08+00:00,Se prioriza el valor experimental cuando está disponible.,128626,128596.9
xray_transition_energy,128595.6,eV,128595.6 eV,rayos X,natural,KM2,emisión característica,NIST X-Ray Transition Energies,https://physics.nist.gov/cgi-bin/XrayTrans/search.pl?element=Cf&trans=All&units=eV,2026-07-24T20:02:08+00:00,Se prioriza el valor experimental cuando está disponible.,,128595.6
xray_transition_energy,129826.5,eV,129826.5 eV,rayos X,natural,KM3,emisión característica,NIST X-Ray Transition Energies,https://physics.nist.gov/cgi-bin/XrayTrans/search.pl?element=Cf&trans=All&units=eV,2026-07-24T20:02:08+00:00,Se prioriza el valor experimental cuando está disponible.,,129826.5
xray_transition_energy,129845.0,eV,129845 eV,rayos X,natural,KM3,emisión característica,NIST X-Ray Transition Energies,https://physics.nist.gov/cgi-bin/XrayTrans/search.pl?element=Cf&trans=All&units=eV,2026-07-24T20:02:08+00:00,Se prioriza el valor experimental cuando está disponible.,129845,129826.3
xray_transition_energy,129825.1,eV,129825.1 eV,rayos X,natural,KM3,emisión característica,NIST X-Ray Transition Energies,https://physics.nist.gov/cgi-bin/XrayTrans/search.pl?element=Cf&trans=All&units=eV,2026-07-24T20:02:08+00:00,Se prioriza el valor experimental cuando está disponible.,,129825.1
xray_transition_energy,130459.7,eV,130459.7 eV,rayos X,natural,KM4,emisión característica,NIST X-Ray Transition Energies,https://physics.nist.gov/cgi-bin/XrayTrans/search.pl?element=Cf&trans=All&units=eV,2026-07-24T20:02:08+00:00,Se prioriza el valor experimental cuando está disponible.,,130459.7
xray_transition_energy,130459.5,eV,130459.5 eV,rayos X,natural,KM4,emisión característica,NIST X-Ray Transition Energies,https://physics.nist.gov/cgi-bin/XrayTrans/search.pl?element=Cf&trans=All&units=eV,2026-07-24T20:02:08+00:00,Se prioriza el valor experimental cuando está disponible.,,130459.5
xray_transition_energy,130458.3,eV,130458.3 eV,rayos X,natural,KM4,emisión característica,NIST X-Ray Transition Energies,https://physics.nist.gov/cgi-bin/XrayTrans/search.pl?element=Cf&trans=All&units=eV,2026-07-24T20:02:08+00:00,Se prioriza el valor experimental cuando está disponible.,,130458.3
xray_transition_energy,130697.3,eV,130697.3 eV,rayos X,natural,KM5,emisión característica,NIST X-Ray Transition Energies,https://physics.nist.gov/cgi-bin/XrayTrans/search.pl?element=Cf&trans=All&units=eV,2026-07-24T20:02:08+00:00,Se prioriza el valor experimental cuando está disponible.,,130697.3
xray_transition_energy,130697.1,eV,130697.1 eV,rayos X,natural,KM5,emisión característica,NIST X-Ray Transition Energies,https://physics.nist.gov/cgi-bin/XrayTrans/search.pl?element=Cf&trans=All&units=eV,2026-07-24T20:02:08+00:00,Se prioriza el valor experimental cuando está disponible.,,130697.1
xray_transition_energy,130695.8,eV,130695.8 eV,rayos X,natural,KM5,emisión característica,NIST X-Ray Transition Energies,https://physics.nist.gov/cgi-bin/XrayTrans/search.pl?element=Cf&trans=All&units=eV,2026-07-24T20:02:08+00:00,Se prioriza el valor experimental cuando está disponible.,,130695.8
xray_transition_energy,133141.5,eV,133141.5 eV,rayos X,natural,KN1,emisión característica,NIST X-Ray Transition Energies,https://physics.nist.gov/cgi-bin/XrayTrans/search.pl?element=Cf&trans=All&units=eV,2026-07-24T20:02:08+00:00,Se prioriza el valor experimental cuando está disponible.,,133141.5
xray_transition_energy,133141.4,eV,133141.4 eV,rayos X,natural,KN1,emisión característica,NIST X-Ray Transition Energies,https://physics.nist.gov/cgi-bin/XrayTrans/search.pl?element=Cf&trans=All&units=eV,2026-07-24T20:02:08+00:00,Se prioriza el valor experimental cuando está disponible.,,133141.4
xray_transition_energy,133140.1,eV,133140.1 eV,rayos X,natural,KN1,emisión característica,NIST X-Ray Transition Energies,https://physics.nist.gov/cgi-bin/XrayTrans/search.pl?element=Cf&trans=All&units=eV,2026-07-24T20:02:08+00:00,Se prioriza el valor experimental cuando está disponible.,,133140.1
xray_transition_energy,133335.5,eV,133335.5 eV,rayos X,natural,KN2,emisión característica,NIST X-Ray Transition Energies,https://physics.nist.gov/cgi-bin/XrayTrans/search.pl?element=Cf&trans=All&units=eV,2026-07-24T20:02:08+00:00,Se prioriza el valor experimental cuando está disponible.,,133335.5
xray_transition_energy,133357.0,eV,133357 eV,rayos X,natural,KN2,emisión característica,NIST X-Ray Transition Energies,https://physics.nist.gov/cgi-bin/XrayTrans/search.pl?element=Cf&trans=All&units=eV,2026-07-24T20:02:08+00:00,Se prioriza el valor experimental cuando está disponible.,133357,133335.3
xray_transition_energy,133334.1,eV,133334.1 eV,rayos X,natural,KN2,emisión característica,NIST X-Ray Transition Energies,https://physics.nist.gov/cgi-bin/XrayTrans/search.pl?element=Cf&trans=All&units=eV,2026-07-24T20:02:08+00:00,Se prioriza el valor experimental cuando está disponible.,,133334.1
xray_transition_energy,133662.5,eV,133662.5 eV,rayos X,natural,KN3,emisión característica,NIST X-Ray Transition Energies,https://physics.nist.gov/cgi-bin/XrayTrans/search.pl?element=Cf&trans=All&units=eV,2026-07-24T20:02:08+00:00,Se prioriza el valor experimental cuando está disponible.,,133662.5
xray_transition_energy,133675.0,eV,133675 eV,rayos X,natural,KN3,emisión característica,NIST X-Ray Transition Energies,https://physics.nist.gov/cgi-bin/XrayTrans/search.pl?element=Cf&trans=All&units=eV,2026-07-24T20:02:08+00:00,Se prioriza el valor experimental cuando está disponible.,133675,133662.3
xray_transition_energy,133661.0,eV,133661 eV,rayos X,natural,KN3,emisión característica,NIST X-Ray Transition Energies,https://physics.nist.gov/cgi-bin/XrayTrans/search.pl?element=Cf&trans=All&units=eV,2026-07-24T20:02:08+00:00,Se prioriza el valor experimental cuando está disponible.,,133661
xray_transition_energy,133962.5,eV,133962.5 eV,rayos X,natural,KN4,emisión característica,NIST X-Ray Transition Energies,https://physics.nist.gov/cgi-bin/XrayTrans/search.pl?element=Cf&trans=All&units=eV,2026-07-24T20:02:08+00:00,Se prioriza el valor experimental cuando está disponible.,,133962.5
xray_transition_energy,133962.3,eV,133962.3 eV,rayos X,natural,KN4,emisión característica,NIST X-Ray Transition Energies,https://physics.nist.gov/cgi-bin/XrayTrans/search.pl?element=Cf&trans=All&units=eV,2026-07-24T20:02:08+00:00,Se prioriza el valor experimental cuando está disponible.,,133962.3
xray_transition_energy,133961.0,eV,133961 eV,rayos X,natural,KN4,emisión característica,NIST X-Ray Transition Energies,https://physics.nist.gov/cgi-bin/XrayTrans/search.pl?element=Cf&trans=All&units=eV,2026-07-24T20:02:08+00:00,Se prioriza el valor experimental cuando está disponible.,,133961
xray_transition_energy,134021.8,eV,134021.8 eV,rayos X,natural,KN5,emisión característica,NIST X-Ray Transition Energies,https://physics.nist.gov/cgi-bin/XrayTrans/search.pl?element=Cf&trans=All&units=eV,2026-07-24T20:02:08+00:00,Se prioriza el valor experimental cuando está disponible.,,134021.8
xray_transition_energy,134021.7,eV,134021.7 eV,rayos X,natural,KN5,emisión característica,NIST X-Ray Transition Energies,https://physics.nist.gov/cgi-bin/XrayTrans/search.pl?element=Cf&trans=All&units=eV,2026-07-24T20:02:08+00:00,Se prioriza el valor experimental cuando está disponible.,,134021.7
xray_transition_energy,134020.4,eV,134020.4 eV,rayos X,natural,KN5,emisión característica,NIST X-Ray Transition Energies,https://physics.nist.gov/cgi-bin/XrayTrans/search.pl?element=Cf&trans=All&units=eV,2026-07-24T20:02:08+00:00,Se prioriza el valor experimental cuando está disponible.,,134020.4
xray_transition_energy,134957.1,eV,134957.1 eV,rayos X,natural,KEDGE,emisión característica,NIST X-Ray Transition Energies,https://physics.nist.gov/cgi-bin/XrayTrans/search.pl?element=Cf&trans=All&units=eV,2026-07-24T20:02:08+00:00,Se prioriza el valor experimental cuando está disponible.,,134957.1
xray_transition_energy,134935.4,eV,134935.4 eV,rayos X,natural,KEDGE,emisión característica,NIST X-Ray Transition Energies,https://physics.nist.gov/cgi-bin/XrayTrans/search.pl?element=Cf&trans=All&units=eV,2026-07-24T20:02:08+00:00,Se prioriza el valor experimental cuando está disponible.,134935.4,134956.9
xray_transition_energy,134955.6,eV,134955.6 eV,rayos X,natural,KEDGE,emisión característica,NIST X-Ray Transition Energies,https://physics.nist.gov/cgi-bin/XrayTrans/search.pl?element=Cf&trans=All&units=eV,2026-07-24T20:02:08+00:00,Se prioriza el valor experimental cuando está disponible.,,134955.6
xray_transition_energy,19261.8,eV,19261.8 eV,rayos X,natural,L1M1,emisión característica,NIST X-Ray Transition Energies,https://physics.nist.gov/cgi-bin/XrayTrans/search.pl?element=Cf&trans=All&units=eV,2026-07-24T20:02:08+00:00,Se prioriza el valor experimental cuando está disponible.,,19261.8
xray_transition_energy,19257.6,eV,19257.6 eV,rayos X,natural,L1M1,emisión característica,NIST X-Ray Transition Energies,https://physics.nist.gov/cgi-bin/XrayTrans/search.pl?element=Cf&trans=All&units=eV,2026-07-24T20:02:08+00:00,Se prioriza el valor experimental cuando está disponible.,19257.6,19261.7
xray_transition_energy,19259.0,eV,19259 eV,rayos X,natural,L1M1,emisión característica,NIST X-Ray Transition Energies,https://physics.nist.gov/cgi-bin/XrayTrans/search.pl?element=Cf&trans=All&units=eV,2026-07-24T20:02:08+00:00,Se prioriza el valor experimental cuando está disponible.,19259,19261.3
xray_transition_energy,19673.4,eV,19673.4 eV,rayos X,natural,L1M2,emisión característica,NIST X-Ray Transition Energies,https://physics.nist.gov/cgi-bin/XrayTrans/search.pl?element=Cf&trans=All&units=eV,2026-07-24T20:02:08+00:00,Se prioriza el valor experimental cuando está disponible.,,19673.4
xray_transition_energy,19676.2,eV,19676.2 eV,rayos X,natural,L1M2,emisión característica,NIST X-Ray Transition Energies,https://physics.nist.gov/cgi-bin/XrayTrans/search.pl?element=Cf&trans=All&units=eV,2026-07-24T20:02:08+00:00,Se prioriza el valor experimental cuando está disponible.,19676.2,19673.3
xray_transition_energy,19678.0,eV,19678 eV,rayos X,natural,L1M2,emisión característica,NIST X-Ray Transition Energies,https://physics.nist.gov/cgi-bin/XrayTrans/search.pl?element=Cf&trans=All&units=eV,2026-07-24T20:02:08+00:00,Se prioriza el valor experimental cuando está disponible.,19678,19672.9
xray_transition_energy,20902.9,eV,20902.9 eV,rayos X,natural,L1M3,emisión característica,NIST X-Ray Transition Energies,https://physics.nist.gov/cgi-bin/XrayTrans/search.pl?element=Cf&trans=All&units=eV,2026-07-24T20:02:08+00:00,Se prioriza el valor experimental cuando está disponible.,,20902.9
xray_transition_energy,20892.0,eV,20892 eV,rayos X,natural,L1M3,emisión característica,NIST X-Ray Transition Energies,https://physics.nist.gov/cgi-bin/XrayTrans/search.pl?element=Cf&trans=All&units=eV,2026-07-24T20:02:08+00:00,Se prioriza el valor experimental cuando está disponible.,20892,20902.7
xray_transition_energy,20902.0,eV,20902 eV,rayos X,natural,L1M3,emisión característica,NIST X-Ray Transition Energies,https://physics.nist.gov/cgi-bin/XrayTrans/search.pl?element=Cf&trans=All&units=eV,2026-07-24T20:02:08+00:00,Se prioriza el valor experimental cuando está disponible.,20902,20902.3
xray_transition_energy,21536.1,eV,21536.1 eV,rayos X,natural,L1M4,emisión característica,NIST X-Ray Transition Energies,https://physics.nist.gov/cgi-bin/XrayTrans/search.pl?element=Cf&trans=All&units=eV,2026-07-24T20:02:08+00:00,Se prioriza el valor experimental cuando está disponible.,,21536.1
xray_transition_energy,21535.9,eV,21535.9 eV,rayos X,natural,L1M4,emisión característica,NIST X-Ray Transition Energies,https://physics.nist.gov/cgi-bin/XrayTrans/search.pl?element=Cf&trans=All&units=eV,2026-07-24T20:02:08+00:00,Se prioriza el valor experimental cuando está disponible.,,21535.9
xray_transition_energy,21556.0,eV,21556 eV,rayos X,natural,L1M4,emisión característica,NIST X-Ray Transition Energies,https://physics.nist.gov/cgi-bin/XrayTrans/search.pl?element=Cf&trans=All&units=eV,2026-07-24T20:02:08+00:00,Se prioriza el valor experimental cuando está disponible.,21556,21535.5
xray_transition_energy,21773.7,eV,21773.7 eV,rayos X,natural,L1M5,emisión característica,NIST X-Ray Transition Energies,https://physics.nist.gov/cgi-bin/XrayTrans/search.pl?element=Cf&trans=All&units=eV,2026-07-24T20:02:08+00:00,Se prioriza el valor experimental cuando está disponible.,,21773.7
xray_transition_energy,21773.5,eV,21773.5 eV,rayos X,natural,L1M5,emisión característica,NIST X-Ray Transition Energies,https://physics.nist.gov/cgi-bin/XrayTrans/search.pl?element=Cf&trans=All&units=eV,2026-07-24T20:02:08+00:00,Se prioriza el valor experimental cuando está disponible.,,21773.5
xray_transition_energy,21776.0,eV,21776 eV,rayos X,natural,L1M5,emisión característica,NIST X-Ray Transition Energies,https://physics.nist.gov/cgi-bin/XrayTrans/search.pl?element=Cf&trans=All&units=eV,2026-07-24T20:02:08+00:00,Se prioriza el valor experimental cuando está disponible.,21776,21773.1
xray_transition_energy,24217.9,eV,24217.9 eV,rayos X,natural,L1N1,emisión característica,NIST X-Ray Transition Energies,https://physics.nist.gov/cgi-bin/XrayTrans/search.pl?element=Cf&trans=All&units=eV,2026-07-24T20:02:08+00:00,Se prioriza el valor experimental cuando está disponible.,,24217.9
xray_transition_energy,24201.9,eV,24201.9 eV,rayos X,natural,L1N1,emisión característica,NIST X-Ray Transition Energies,https://physics.nist.gov/cgi-bin/XrayTrans/search.pl?element=Cf&trans=All&units=eV,2026-07-24T20:02:08+00:00,Se prioriza el valor experimental cuando está disponible.,24201.9,24217.7
xray_transition_energy,24237.0,eV,24237 eV,rayos X,natural,L1N1,emisión característica,NIST X-Ray Transition Energies,https://physics.nist.gov/cgi-bin/XrayTrans/search.pl?element=Cf&trans=All&units=eV,2026-07-24T20:02:08+00:00,Se prioriza el valor experimental cuando está disponible.,24237,24217.3
xray_transition_energy,24411.9,eV,24411.9 eV,rayos X,natural,L1N2,emisión característica,NIST X-Ray Transition Energies,https://physics.nist.gov/cgi-bin/XrayTrans/search.pl?element=Cf&trans=All&units=eV,2026-07-24T20:02:08+00:00,Se prioriza el valor experimental cuando está disponible.,,24411.9
xray_transition_energy,24404.8,eV,24404.8 eV,rayos X,natural,L1N2,emisión característica,NIST X-Ray Transition Energies,https://physics.nist.gov/cgi-bin/XrayTrans/search.pl?element=Cf&trans=All&units=eV,2026-07-24T20:02:08+00:00,Se prioriza el valor experimental cuando está disponible.,24404.8,24411.7
xray_transition_energy,24411.0,eV,24411 eV,rayos X,natural,L1N2,emisión característica,NIST X-Ray Transition Energies,https://physics.nist.gov/cgi-bin/XrayTrans/search.pl?element=Cf&trans=All&units=eV,2026-07-24T20:02:08+00:00,Se prioriza el valor experimental cuando está disponible.,24411,24411.3
xray_transition_energy,24738.9,eV,24738.9 eV,rayos X,natural,L1N3,emisión característica,NIST X-Ray Transition Energies,https://physics.nist.gov/cgi-bin/XrayTrans/search.pl?element=Cf&trans=All&units=eV,2026-07-24T20:02:08+00:00,Se prioriza el valor experimental cuando está disponible.,,24738.9
xray_transition_energy,24721.2,eV,24721.2 eV,rayos X,natural,L1N3,emisión característica,NIST X-Ray Transition Energies,https://physics.nist.gov/cgi-bin/XrayTrans/search.pl?element=Cf&trans=All&units=eV,2026-07-24T20:02:08+00:00,Se prioriza el valor experimental cuando está disponible.,24721.2,24738.7
xray_transition_energy,24745.0,eV,24745 eV,rayos X,natural,L1N3,emisión característica,NIST X-Ray Transition Energies,https://physics.nist.gov/cgi-bin/XrayTrans/search.pl?element=Cf&trans=All&units=eV,2026-07-24T20:02:08+00:00,Se prioriza el valor experimental cuando está disponible.,24745,24738.3
xray_transition_energy,25038.8,eV,25038.8 eV,rayos X,natural,L1N4,emisión característica,NIST X-Ray Transition Energies,https://physics.nist.gov/cgi-bin/XrayTrans/search.pl?element=Cf&trans=All&units=eV,2026-07-24T20:02:08+00:00,Se prioriza el valor experimental cuando está disponible.,,25038.8
xray_transition_energy,25038.7,eV,25038.7 eV,rayos X,natural,L1N4,emisión característica,NIST X-Ray Transition Energies,https://physics.nist.gov/cgi-bin/XrayTrans/search.pl?element=Cf&trans=All&units=eV,2026-07-24T20:02:08+00:00,Se prioriza el valor experimental cuando está disponible.,,25038.7
xray_transition_energy,25038.3,eV,25038.3 eV,rayos X,natural,L1N4,emisión característica,NIST X-Ray Transition Energies,https://physics.nist.gov/cgi-bin/XrayTrans/search.pl?element=Cf&trans=All&units=eV,2026-07-24T20:02:08+00:00,Se prioriza el valor experimental cuando está disponible.,,25038.3
xray_transition_energy,25098.2,eV,25098.2 eV,rayos X,natural,L1N5,emisión característica,NIST X-Ray Transition Energies,https://physics.nist.gov/cgi-bin/XrayTrans/search.pl?element=Cf&trans=All&units=eV,2026-07-24T20:02:08+00:00,Se prioriza el valor experimental cuando está disponible.,,25098.2
xray_transition_energy,25098.0,eV,25098 eV,rayos X,natural,L1N5,emisión característica,NIST X-Ray Transition Energies,https://physics.nist.gov/cgi-bin/XrayTrans/search.pl?element=Cf&trans=All&units=eV,2026-07-24T20:02:08+00:00,Se prioriza el valor experimental cuando está disponible.,,25098
xray_transition_energy,25097.6,eV,25097.6 eV,rayos X,natural,L1N5,emisión característica,NIST X-Ray Transition Energies,https://physics.nist.gov/cgi-bin/XrayTrans/search.pl?element=Cf&trans=All&units=eV,2026-07-24T20:02:08+00:00,Se prioriza el valor experimental cuando está disponible.,,25097.6
xray_transition_energy,25492.0,eV,25492 eV,rayos X,natural,L1N6,emisión característica,NIST X-Ray Transition Energies,https://physics.nist.gov/cgi-bin/XrayTrans/search.pl?element=Cf&trans=All&units=eV,2026-07-24T20:02:08+00:00,Se prioriza el valor experimental cuando está disponible.,,25492
xray_transition_energy,25491.9,eV,25491.9 eV,rayos X,natural,L1N6,emisión característica,NIST X-Ray Transition Energies,https://physics.nist.gov/cgi-bin/XrayTrans/search.pl?element=Cf&trans=All&units=eV,2026-07-24T20:02:08+00:00,Se prioriza el valor experimental cuando está disponible.,,25491.9
xray_transition_energy,25491.5,eV,25491.5 eV,rayos X,natural,L1N6,emisión característica,NIST X-Ray Transition Energies,https://physics.nist.gov/cgi-bin/XrayTrans/search.pl?element=Cf&trans=All&units=eV,2026-07-24T20:02:08+00:00,Se prioriza el valor experimental cuando está disponible.,,25491.5
xray_transition_energy,25507.5,eV,25507.5 eV,rayos X,natural,L1N7,emisión característica,NIST X-Ray Transition Energies,https://physics.nist.gov/cgi-bin/XrayTrans/search.pl?element=Cf&trans=All&units=eV,2026-07-24T20:02:08+00:00,Se prioriza el valor experimental cuando está disponible.,,25507.5
xray_transition_energy,25507.4,eV,25507.4 eV,rayos X,natural,L1N7,emisión característica,NIST X-Ray Transition Energies,https://physics.nist.gov/cgi-bin/XrayTrans/search.pl?element=Cf&trans=All&units=eV,2026-07-24T20:02:08+00:00,Se prioriza el valor experimental cuando está disponible.,,25507.4
xray_transition_energy,25507.0,eV,25507 eV,rayos X,natural,L1N7,emisión característica,NIST X-Ray Transition Energies,https://physics.nist.gov/cgi-bin/XrayTrans/search.pl?element=Cf&trans=All&units=eV,2026-07-24T20:02:08+00:00,Se prioriza el valor experimental cuando está disponible.,,25507
xray_transition_energy,26002.39,eV,26002.39 eV,rayos X,natural,L1EDGE,emisión característica,NIST X-Ray Transition Energies,https://physics.nist.gov/cgi-bin/XrayTrans/search.pl?element=Cf&trans=All&units=eV,2026-07-24T20:02:08+00:00,Se prioriza el valor experimental cuando está disponible.,26002.39,26033.4
xray_transition_energy,26016.0,eV,26016 eV,rayos X,natural,L1EDGE,emisión característica,NIST X-Ray Transition Energies,https://physics.nist.gov/cgi-bin/XrayTrans/search.pl?element=Cf&trans=All&units=eV,2026-07-24T20:02:08+00:00,Se prioriza el valor experimental cuando está disponible.,26016,26033.3
xray_transition_energy,26032.9,eV,26032.9 eV,rayos X,natural,L1EDGE,emisión característica,NIST X-Ray Transition Energies,https://physics.nist.gov/cgi-bin/XrayTrans/search.pl?element=Cf&trans=All&units=eV,2026-07-24T20:02:08+00:00,Se prioriza el valor experimental cuando está disponible.,,26032.9
xray_transition_energy,18355.4,eV,18355.4 eV,rayos X,natural,L2M1,emisión característica,NIST X-Ray Transition Energies,https://physics.nist.gov/cgi-bin/XrayTrans/search.pl?element=Cf&trans=All&units=eV,2026-07-24T20:02:08+00:00,Se prioriza el valor experimental cuando está disponible.,,18355.4
xray_transition_energy,18347.1,eV,18347.1 eV,rayos X,natural,L2M1,emisión característica,NIST X-Ray Transition Energies,https://physics.nist.gov/cgi-bin/XrayTrans/search.pl?element=Cf&trans=All&units=eV,2026-07-24T20:02:08+00:00,Se prioriza el valor experimental cuando está disponible.,18347.1,18355.3
xray_transition_energy,18366.0,eV,18366 eV,rayos X,natural,L2M1,emisión característica,NIST X-Ray Transition Energies,https://physics.nist.gov/cgi-bin/XrayTrans/search.pl?element=Cf&trans=All&units=eV,2026-07-24T20:02:08+00:00,Se prioriza el valor experimental cuando está disponible.,18366,18355.1
xray_transition_energy,18767.0,eV,18767 eV,rayos X,natural,L2M2,emisión característica,NIST X-Ray Transition Energies,https://physics.nist.gov/cgi-bin/XrayTrans/search.pl?element=Cf&trans=All&units=eV,2026-07-24T20:02:08+00:00,Se prioriza el valor experimental cuando está disponible.,,18767
xray_transition_energy,18767.3,eV,18767.3 eV,rayos X,natural,L2M2,emisión característica,NIST X-Ray Transition Energies,https://physics.nist.gov/cgi-bin/XrayTrans/search.pl?element=Cf&trans=All&units=eV,2026-07-24T20:02:08+00:00,Se prioriza el valor experimental cuando está disponible.,18767.3,18766.9
xray_transition_energy,18772.0,eV,18772 eV,rayos X,natural,L2M2,emisión característica,NIST X-Ray Transition Energies,https://physics.nist.gov/cgi-bin/XrayTrans/search.pl?element=Cf&trans=All&units=eV,2026-07-24T20:02:08+00:00,Se prioriza el valor experimental cuando está disponible.,18772,18766.6
xray_transition_energy,19996.5,eV,19996.5 eV,rayos X,natural,L2M3,emisión característica,NIST X-Ray Transition Energies,https://physics.nist.gov/cgi-bin/XrayTrans/search.pl?element=Cf&trans=All&units=eV,2026-07-24T20:02:08+00:00,Se prioriza el valor experimental cuando está disponible.,,19996.5
xray_transition_energy,19990.0,eV,19990 eV,rayos X,natural,L2M3,emisión característica,NIST X-Ray Transition Energies,https://physics.nist.gov/cgi-bin/XrayTrans/search.pl?element=Cf&trans=All&units=eV,2026-07-24T20:02:08+00:00,Se prioriza el valor experimental cuando está disponible.,19990,19996.3
xray_transition_energy,20001.0,eV,20001 eV,rayos X,natural,L2M3,emisión característica,NIST X-Ray Transition Energies,https://physics.nist.gov/cgi-bin/XrayTrans/search.pl?element=Cf&trans=All&units=eV,2026-07-24T20:02:08+00:00,Se prioriza el valor experimental cuando está disponible.,20001,19996.1
xray_transition_energy,20629.7,eV,20629.7 eV,rayos X,natural,L2M4,emisión característica,NIST X-Ray Transition Energies,https://physics.nist.gov/cgi-bin/XrayTrans/search.pl?element=Cf&trans=All&units=eV,2026-07-24T20:02:08+00:00,Se prioriza el valor experimental cuando está disponible.,,20629.7
xray_transition_energy,20629.5,eV,20629.5 eV,rayos X,natural,L2M4,emisión característica,NIST X-Ray Transition Energies,https://physics.nist.gov/cgi-bin/XrayTrans/search.pl?element=Cf&trans=All&units=eV,2026-07-24T20:02:08+00:00,Se prioriza el valor experimental cuando está disponible.,,20629.5
xray_transition_energy,20656.0,eV,20656 eV,rayos X,natural,L2M4,emisión característica,NIST X-Ray Transition Energies,https://physics.nist.gov/cgi-bin/XrayTrans/search.pl?element=Cf&trans=All&units=eV,2026-07-24T20:02:08+00:00,Se prioriza el valor experimental cuando está disponible.,20656,20629.3
xray_transition_energy,20867.2,eV,20867.2 eV,rayos X,natural,L2M5,emisión característica,NIST X-Ray Transition Energies,https://physics.nist.gov/cgi-bin/XrayTrans/search.pl?element=Cf&trans=All&units=eV,2026-07-24T20:02:08+00:00,Se prioriza el valor experimental cuando está disponible.,,20867.2
xray_transition_energy,20867.1,eV,20867.1 eV,rayos X,natural,L2M5,emisión característica,NIST X-Ray Transition Energies,https://physics.nist.gov/cgi-bin/XrayTrans/search.pl?element=Cf&trans=All&units=eV,2026-07-24T20:02:08+00:00,Se prioriza el valor experimental cuando está disponible.,,20867.1
xray_transition_energy,20876.0,eV,20876 eV,rayos X,natural,L2M5,emisión característica,NIST X-Ray Transition Energies,https://physics.nist.gov/cgi-bin/XrayTrans/search.pl?element=Cf&trans=All&units=eV,2026-07-24T20:02:08+00:00,Se prioriza el valor experimental cuando está disponible.,20876,20866.8
xray_transition_energy,23311.5,eV,23311.5 eV,rayos X,natural,L2N1,emisión característica,NIST X-Ray Transition Energies,https://physics.nist.gov/cgi-bin/XrayTrans/search.pl?element=Cf&trans=All&units=eV,2026-07-24T20:02:08+00:00,Se prioriza el valor experimental cuando está disponible.,,23311.5
xray_transition_energy,23295.5,eV,23295.5 eV,rayos X,natural,L2N1,emisión característica,NIST X-Ray Transition Energies,https://physics.nist.gov/cgi-bin/XrayTrans/search.pl?element=Cf&trans=All&units=eV,2026-07-24T20:02:08+00:00,Se prioriza el valor experimental cuando está disponible.,23295.5,23311.3
xray_transition_energy,23345.0,eV,23345 eV,rayos X,natural,L2N1,emisión característica,NIST X-Ray Transition Energies,https://physics.nist.gov/cgi-bin/XrayTrans/search.pl?element=Cf&trans=All&units=eV,2026-07-24T20:02:08+00:00,Se prioriza el valor experimental cuando está disponible.,23345,23311.1
xray_transition_energy,23505.5,eV,23505.5 eV,rayos X,natural,L2N2,emisión característica,NIST X-Ray Transition Energies,https://physics.nist.gov/cgi-bin/XrayTrans/search.pl?element=Cf&trans=All&units=eV,2026-07-24T20:02:08+00:00,Se prioriza el valor experimental cuando está disponible.,,23505.5
xray_transition_energy,23501.1,eV,23501.1 eV,rayos X,natural,L2N2,emisión característica,NIST X-Ray Transition Energies,https://physics.nist.gov/cgi-bin/XrayTrans/search.pl?element=Cf&trans=All&units=eV,2026-07-24T20:02:08+00:00,Se prioriza el valor experimental cuando está disponible.,23501.1,23505.3
xray_transition_energy,23485.0,eV,23485 eV,rayos X,natural,L2N2,emisión característica,NIST X-Ray Transition Energies,https://physics.nist.gov/cgi-bin/XrayTrans/search.pl?element=Cf&trans=All&units=eV,2026-07-24T20:02:08+00:00,Se prioriza el valor experimental cuando está disponible.,23485,23505.1
xray_transition_energy,23832.5,eV,23832.5 eV,rayos X,natural,L2N3,emisión característica,NIST X-Ray Transition Energies,https://physics.nist.gov/cgi-bin/XrayTrans/search.pl?element=Cf&trans=All&units=eV,2026-07-24T20:02:08+00:00,Se prioriza el valor experimental cuando está disponible.,,23832.5
xray_transition_energy,23819.1,eV,23819.1 eV,rayos X,natural,L2N3,emisión característica,NIST X-Ray Transition Energies,https://physics.nist.gov/cgi-bin/XrayTrans/search.pl?element=Cf&trans=All&units=eV,2026-07-24T20:02:08+00:00,Se prioriza el valor experimental cuando está disponible.,23819.1,23832.3
xray_transition_energy,23822.0,eV,23822 eV,rayos X,natural,L2N3,emisión característica,NIST X-Ray Transition Energies,https://physics.nist.gov/cgi-bin/XrayTrans/search.pl?element=Cf&trans=All&units=eV,2026-07-24T20:02:08+00:00,Se prioriza el valor experimental cuando está disponible.,23822,23832.1
xray_transition_energy,24132.4,eV,24132.4 eV,rayos X,natural,L2N4,emisión característica,NIST X-Ray Transition Energies,https://physics.nist.gov/cgi-bin/XrayTrans/search.pl?element=Cf&trans=All&units=eV,2026-07-24T20:02:08+00:00,Se prioriza el valor experimental cuando está disponible.,,24132.4
xray_transition_energy,24132.3,eV,24132.3 eV,rayos X,natural,L2N4,emisión característica,NIST X-Ray Transition Energies,https://physics.nist.gov/cgi-bin/XrayTrans/search.pl?element=Cf&trans=All&units=eV,2026-07-24T20:02:08+00:00,Se prioriza el valor experimental cuando está disponible.,,24132.3
xray_transition_energy,24132.0,eV,24132 eV,rayos X,natural,L2N4,emisión característica,NIST X-Ray Transition Energies,https://physics.nist.gov/cgi-bin/XrayTrans/search.pl?element=Cf&trans=All&units=eV,2026-07-24T20:02:08+00:00,Se prioriza el valor experimental cuando está disponible.,,24132
xray_transition_energy,24191.8,eV,24191.8 eV,rayos X,natural,L2N5,emisión característica,NIST X-Ray Transition Energies,https://physics.nist.gov/cgi-bin/XrayTrans/search.pl?element=Cf&trans=All&units=eV,2026-07-24T20:02:08+00:00,Se prioriza el valor experimental cuando está disponible.,,24191.8
xray_transition_energy,24191.6,eV,24191.6 eV,rayos X,natural,L2N5,emisión característica,NIST X-Ray Transition Energies,https://physics.nist.gov/cgi-bin/XrayTrans/search.pl?element=Cf&trans=All&units=eV,2026-07-24T20:02:08+00:00,Se prioriza el valor experimental cuando está disponible.,,24191.6
xray_transition_energy,24191.4,eV,24191.4 eV,rayos X,natural,L2N5,emisión característica,NIST X-Ray Transition Energies,https://physics.nist.gov/cgi-bin/XrayTrans/search.pl?element=Cf&trans=All&units=eV,2026-07-24T20:02:08+00:00,Se prioriza el valor experimental cuando está disponible.,,24191.4
xray_transition_energy,24585.6,eV,24585.6 eV,rayos X,natural,L2N6,emisión característica,NIST X-Ray Transition Energies,https://physics.nist.gov/cgi-bin/XrayTrans/search.pl?element=Cf&trans=All&units=eV,2026-07-24T20:02:08+00:00,Se prioriza el valor experimental cuando está disponible.,,24585.6
xray_transition_energy,24585.5,eV,24585.5 eV,rayos X,natural,L2N6,emisión característica,NIST X-Ray Transition Energies,https://physics.nist.gov/cgi-bin/XrayTrans/search.pl?element=Cf&trans=All&units=eV,2026-07-24T20:02:08+00:00,Se prioriza el valor experimental cuando está disponible.,,24585.5
xray_transition_energy,24585.2,eV,24585.2 eV,rayos X,natural,L2N6,emisión característica,NIST X-Ray Transition Energies,https://physics.nist.gov/cgi-bin/XrayTrans/search.pl?element=Cf&trans=All&units=eV,2026-07-24T20:02:08+00:00,Se prioriza el valor experimental cuando está disponible.,,24585.2
xray_transition_energy,24601.1,eV,24601.1 eV,rayos X,natural,L2N7,emisión característica,NIST X-Ray Transition Energies,https://physics.nist.gov/cgi-bin/XrayTrans/search.pl?element=Cf&trans=All&units=eV,2026-07-24T20:02:08+00:00,Se prioriza el valor experimental cuando está disponible.,,24601.1
xray_transition_energy,24600.9,eV,24600.9 eV,rayos X,natural,L2N7,emisión característica,NIST X-Ray Transition Energies,https://physics.nist.gov/cgi-bin/XrayTrans/search.pl?element=Cf&trans=All&units=eV,2026-07-24T20:02:08+00:00,Se prioriza el valor experimental cuando está disponible.,,24600.9
xray_transition_energy,24600.7,eV,24600.7 eV,rayos X,natural,L2N7,emisión característica,NIST X-Ray Transition Energies,https://physics.nist.gov/cgi-bin/XrayTrans/search.pl?element=Cf&trans=All&units=eV,2026-07-24T20:02:08+00:00,Se prioriza el valor experimental cuando está disponible.,,24600.7
xray_transition_energy,25097.79,eV,25097.79 eV,rayos X,natural,L2EDGE,emisión característica,NIST X-Ray Transition Energies,https://physics.nist.gov/cgi-bin/XrayTrans/search.pl?element=Cf&trans=All&units=eV,2026-07-24T20:02:08+00:00,Se prioriza el valor experimental cuando está disponible.,25097.79,25127.02
xray_transition_energy,25108.0,eV,25108 eV,rayos X,natural,L2EDGE,emisión característica,NIST X-Ray Transition Energies,https://physics.nist.gov/cgi-bin/XrayTrans/search.pl?element=Cf&trans=All&units=eV,2026-07-24T20:02:08+00:00,Se prioriza el valor experimental cuando está disponible.,25108,25126.85
xray_transition_energy,25126.63,eV,25126.63 eV,rayos X,natural,L2EDGE,emisión característica,NIST X-Ray Transition Energies,https://physics.nist.gov/cgi-bin/XrayTrans/search.pl?element=Cf&trans=All&units=eV,2026-07-24T20:02:08+00:00,Se prioriza el valor experimental cuando está disponible.,,25126.63
xray_transition_energy,13154.4,eV,13154.4 eV,rayos X,natural,L3M1,emisión característica,NIST X-Ray Transition Energies,https://physics.nist.gov/cgi-bin/XrayTrans/search.pl?element=Cf&trans=All&units=eV,2026-07-24T20:02:08+00:00,Se prioriza el valor experimental cuando está disponible.,,13154.4
xray_transition_energy,13145.0,eV,13145 eV,rayos X,natural,L3M1,emisión característica,NIST X-Ray Transition Energies,https://physics.nist.gov/cgi-bin/XrayTrans/search.pl?element=Cf&trans=All&units=eV,2026-07-24T20:02:08+00:00,Se prioriza el valor experimental cuando está disponible.,13145,13154.2
xray_transition_energy,13141.0,eV,13141 eV,rayos X,natural,L3M1,emisión característica,NIST X-Ray Transition Energies,https://physics.nist.gov/cgi-bin/XrayTrans/search.pl?element=Cf&trans=All&units=eV,2026-07-24T20:02:08+00:00,Se prioriza el valor experimental cuando está disponible.,13141,13154.1
xray_transition_energy,13566.0,eV,13566 eV,rayos X,natural,L3M2,emisión característica,NIST X-Ray Transition Energies,https://physics.nist.gov/cgi-bin/XrayTrans/search.pl?element=Cf&trans=All&units=eV,2026-07-24T20:02:08+00:00,Se prioriza el valor experimental cuando está disponible.,,13566
xray_transition_energy,13557.0,eV,13557 eV,rayos X,natural,L3M2,emisión característica,NIST X-Ray Transition Energies,https://physics.nist.gov/cgi-bin/XrayTrans/search.pl?element=Cf&trans=All&units=eV,2026-07-24T20:02:08+00:00,Se prioriza el valor experimental cuando está disponible.,13557,13565.8
xray_transition_energy,13568.0,eV,13568 eV,rayos X,natural,L3M2,emisión característica,NIST X-Ray Transition Energies,https://physics.nist.gov/cgi-bin/XrayTrans/search.pl?element=Cf&trans=All&units=eV,2026-07-24T20:02:08+00:00,Se prioriza el valor experimental cuando está disponible.,13568,13565.6
xray_transition_energy,14795.4,eV,14795.4 eV,rayos X,natural,L3M3,emisión característica,NIST X-Ray Transition Energies,https://physics.nist.gov/cgi-bin/XrayTrans/search.pl?element=Cf&trans=All&units=eV,2026-07-24T20:02:08+00:00,Se prioriza el valor experimental cuando está disponible.,,14795.4
xray_transition_energy,14785.0,eV,14785 eV,rayos X,natural,L3M3,emisión característica,NIST X-Ray Transition Energies,https://physics.nist.gov/cgi-bin/XrayTrans/search.pl?element=Cf&trans=All&units=eV,2026-07-24T20:02:08+00:00,Se prioriza el valor experimental cuando está disponible.,14785,14795.2
xray_transition_energy,14797.0,eV,14797 eV,rayos X,natural,L3M3,emisión característica,NIST X-Ray Transition Energies,https://physics.nist.gov/cgi-bin/XrayTrans/search.pl?element=Cf&trans=All&units=eV,2026-07-24T20:02:08+00:00,Se prioriza el valor experimental cuando está disponible.,14797,14795.1
xray_transition_energy,15428.6,eV,15428.6 eV,rayos X,natural,L3M4,emisión característica,NIST X-Ray Transition Energies,https://physics.nist.gov/cgi-bin/XrayTrans/search.pl?element=Cf&trans=All&units=eV,2026-07-24T20:02:08+00:00,Se prioriza el valor experimental cuando está disponible.,,15428.6
xray_transition_energy,15428.4,eV,15428.4 eV,rayos X,natural,L3M4,emisión característica,NIST X-Ray Transition Energies,https://physics.nist.gov/cgi-bin/XrayTrans/search.pl?element=Cf&trans=All&units=eV,2026-07-24T20:02:08+00:00,Se prioriza el valor experimental cuando está disponible.,,15428.4
xray_transition_energy,15434.0,eV,15434 eV,rayos X,natural,L3M4,emisión característica,NIST X-Ray Transition Energies,https://physics.nist.gov/cgi-bin/XrayTrans/search.pl?element=Cf&trans=All&units=eV,2026-07-24T20:02:08+00:00,Se prioriza el valor experimental cuando está disponible.,15434,15428.3
xray_transition_energy,15666.2,eV,15666.2 eV,rayos X,natural,L3M5,emisión característica,NIST X-Ray Transition Energies,https://physics.nist.gov/cgi-bin/XrayTrans/search.pl?element=Cf&trans=All&units=eV,2026-07-24T20:02:08+00:00,Se prioriza el valor experimental cuando está disponible.,,15666.2
xray_transition_energy,15666.0,eV,15666 eV,rayos X,natural,L3M5,emisión característica,NIST X-Ray Transition Energies,https://physics.nist.gov/cgi-bin/XrayTrans/search.pl?element=Cf&trans=All&units=eV,2026-07-24T20:02:08+00:00,Se prioriza el valor experimental cuando está disponible.,,15666
xray_transition_energy,15654.0,eV,15654 eV,rayos X,natural,L3M5,emisión característica,NIST X-Ray Transition Energies,https://physics.nist.gov/cgi-bin/XrayTrans/search.pl?element=Cf&trans=All&units=eV,2026-07-24T20:02:08+00:00,Se prioriza el valor experimental cuando está disponible.,15654,15665.8
xray_transition_energy,18110.4,eV,18110.4 eV,rayos X,natural,L3N1,emisión característica,NIST X-Ray Transition Energies,https://physics.nist.gov/cgi-bin/XrayTrans/search.pl?element=Cf&trans=All&units=eV,2026-07-24T20:02:08+00:00,Se prioriza el valor experimental cuando está disponible.,,18110.4
xray_transition_energy,18090.8,eV,18090.8 eV,rayos X,natural,L3N1,emisión característica,NIST X-Ray Transition Energies,https://physics.nist.gov/cgi-bin/XrayTrans/search.pl?element=Cf&trans=All&units=eV,2026-07-24T20:02:08+00:00,Se prioriza el valor experimental cuando está disponible.,18090.8,18110.3
xray_transition_energy,18128.0,eV,18128 eV,rayos X,natural,L3N1,emisión característica,NIST X-Ray Transition Energies,https://physics.nist.gov/cgi-bin/XrayTrans/search.pl?element=Cf&trans=All&units=eV,2026-07-24T20:02:08+00:00,Se prioriza el valor experimental cuando está disponible.,18128,18110.1
xray_transition_energy,18304.4,eV,18304.4 eV,rayos X,natural,L3N2,emisión característica,NIST X-Ray Transition Energies,https://physics.nist.gov/cgi-bin/XrayTrans/search.pl?element=Cf&trans=All&units=eV,2026-07-24T20:02:08+00:00,Se prioriza el valor experimental cuando está disponible.,,18304.4
xray_transition_energy,18295.8,eV,18295.8 eV,rayos X,natural,L3N2,emisión característica,NIST X-Ray Transition Energies,https://physics.nist.gov/cgi-bin/XrayTrans/search.pl?element=Cf&trans=All&units=eV,2026-07-24T20:02:08+00:00,Se prioriza el valor experimental cuando está disponible.,18295.8,18304.2
xray_transition_energy,18278.0,eV,18278 eV,rayos X,natural,L3N2,emisión característica,NIST X-Ray Transition Energies,https://physics.nist.gov/cgi-bin/XrayTrans/search.pl?element=Cf&trans=All&units=eV,2026-07-24T20:02:08+00:00,Se prioriza el valor experimental cuando está disponible.,18278,18304.1
xray_transition_energy,18631.4,eV,18631.4 eV,rayos X,natural,L3N3,emisión característica,NIST X-Ray Transition Energies,https://physics.nist.gov/cgi-bin/XrayTrans/search.pl?element=Cf&trans=All&units=eV,2026-07-24T20:02:08+00:00,Se prioriza el valor experimental cuando está disponible.,,18631.4
xray_transition_energy,18613.9,eV,18613.9 eV,rayos X,natural,L3N3,emisión característica,NIST X-Ray Transition Energies,https://physics.nist.gov/cgi-bin/XrayTrans/search.pl?element=Cf&trans=All&units=eV,2026-07-24T20:02:08+00:00,Se prioriza el valor experimental cuando está disponible.,18613.9,18631.2
xray_transition_energy,18610.0,eV,18610 eV,rayos X,natural,L3N3,emisión característica,NIST X-Ray Transition Energies,https://physics.nist.gov/cgi-bin/XrayTrans/search.pl?element=Cf&trans=All&units=eV,2026-07-24T20:02:08+00:00,Se prioriza el valor experimental cuando está disponible.,18610,18631.1
xray_transition_energy,18931.4,eV,18931.4 eV,rayos X,natural,L3N4,emisión característica,NIST X-Ray Transition Energies,https://physics.nist.gov/cgi-bin/XrayTrans/search.pl?element=Cf&trans=All&units=eV,2026-07-24T20:02:08+00:00,Se prioriza el valor experimental cuando está disponible.,,18931.4
xray_transition_energy,18931.2,eV,18931.2 eV,rayos X,natural,L3N4,emisión característica,NIST X-Ray Transition Energies,https://physics.nist.gov/cgi-bin/XrayTrans/search.pl?element=Cf&trans=All&units=eV,2026-07-24T20:02:08+00:00,Se prioriza el valor experimental cuando está disponible.,,18931.2
xray_transition_energy,18931.0,eV,18931 eV,rayos X,natural,L3N4,emisión característica,NIST X-Ray Transition Energies,https://physics.nist.gov/cgi-bin/XrayTrans/search.pl?element=Cf&trans=All&units=eV,2026-07-24T20:02:08+00:00,Se prioriza el valor experimental cuando está disponible.,,18931
xray_transition_energy,18990.7,eV,18990.7 eV,rayos X,natural,L3N5,emisión característica,NIST X-Ray Transition Energies,https://physics.nist.gov/cgi-bin/XrayTrans/search.pl?element=Cf&trans=All&units=eV,2026-07-24T20:02:08+00:00,Se prioriza el valor experimental cuando está disponible.,,18990.7
xray_transition_energy,18990.6,eV,18990.6 eV,rayos X,natural,L3N5,emisión característica,NIST X-Ray Transition Energies,https://physics.nist.gov/cgi-bin/XrayTrans/search.pl?element=Cf&trans=All&units=eV,2026-07-24T20:02:08+00:00,Se prioriza el valor experimental cuando está disponible.,,18990.6
xray_transition_energy,18990.4,eV,18990.4 eV,rayos X,natural,L3N5,emisión característica,NIST X-Ray Transition Energies,https://physics.nist.gov/cgi-bin/XrayTrans/search.pl?element=Cf&trans=All&units=eV,2026-07-24T20:02:08+00:00,Se prioriza el valor experimental cuando está disponible.,,18990.4
xray_transition_energy,19384.6,eV,19384.6 eV,rayos X,natural,L3N6,emisión característica,NIST X-Ray Transition Energies,https://physics.nist.gov/cgi-bin/XrayTrans/search.pl?element=Cf&trans=All&units=eV,2026-07-24T20:02:08+00:00,Se prioriza el valor experimental cuando está disponible.,,19384.6
xray_transition_energy,19384.4,eV,19384.4 eV,rayos X,natural,L3N6,emisión característica,NIST X-Ray Transition Energies,https://physics.nist.gov/cgi-bin/XrayTrans/search.pl?element=Cf&trans=All&units=eV,2026-07-24T20:02:08+00:00,Se prioriza el valor experimental cuando está disponible.,,19384.4
xray_transition_energy,19384.2,eV,19384.2 eV,rayos X,natural,L3N6,emisión característica,NIST X-Ray Transition Energies,https://physics.nist.gov/cgi-bin/XrayTrans/search.pl?element=Cf&trans=All&units=eV,2026-07-24T20:02:08+00:00,Se prioriza el valor experimental cuando está disponible.,,19384.2
xray_transition_energy,19400.1,eV,19400.1 eV,rayos X,natural,L3N7,emisión característica,NIST X-Ray Transition Energies,https://physics.nist.gov/cgi-bin/XrayTrans/search.pl?element=Cf&trans=All&units=eV,2026-07-24T20:02:08+00:00,Se prioriza el valor experimental cuando está disponible.,,19400.1
xray_transition_energy,19399.9,eV,19399.9 eV,rayos X,natural,L3N7,emisión característica,NIST X-Ray Transition Energies,https://physics.nist.gov/cgi-bin/XrayTrans/search.pl?element=Cf&trans=All&units=eV,2026-07-24T20:02:08+00:00,Se prioriza el valor experimental cuando está disponible.,,19399.9
xray_transition_energy,19399.7,eV,19399.7 eV,rayos X,natural,L3N7,emisión característica,NIST X-Ray Transition Energies,https://physics.nist.gov/cgi-bin/XrayTrans/search.pl?element=Cf&trans=All&units=eV,2026-07-24T20:02:08+00:00,Se prioriza el valor experimental cuando está disponible.,,19399.7
xray_transition_energy,19901.45,eV,19901.45 eV,rayos X,natural,L3EDGE,emisión característica,NIST X-Ray Transition Energies,https://physics.nist.gov/cgi-bin/XrayTrans/search.pl?element=Cf&trans=All&units=eV,2026-07-24T20:02:08+00:00,Se prioriza el valor experimental cuando está disponible.,19901.45,19925.98
xray_transition_energy,19901.0,eV,19901 eV,rayos X,natural,L3EDGE,emisión característica,NIST X-Ray Transition Energies,https://physics.nist.gov/cgi-bin/XrayTrans/search.pl?element=Cf&trans=All&units=eV,2026-07-24T20:02:08+00:00,Se prioriza el valor experimental cuando está disponible.,19901,19925.8
xray_transition_energy,19925.62,eV,19925.62 eV,rayos X,natural,L3EDGE,emisión característica,NIST X-Ray Transition Energies,https://physics.nist.gov/cgi-bin/XrayTrans/search.pl?element=Cf&trans=All&units=eV,2026-07-24T20:02:08+00:00,Se prioriza el valor experimental cuando está disponible.,,19925.62
